Coleman,
Adonis,
Tom,White
Kendal,
Kendal,
Kendal,Testing
Kendal,
Teagan,
Bailee,
ThisIsNotAName,
Heidi,
Heidi,
Kasey Testing,
Nevaeh,
Jaquan,
Jaquan,
Gerald AlsoTesting,
Alfred,
Alfred,
Alfred,
Cassidy,
Azaria,
Mercedes,
Landon,
Andrew,
Andrew,
Miracle,
Xavier,
Jaxson,
Shayla,
Dillon,
Sara,
Jennifer,
Kane,
Carlie,
Yahir,
Hana,
Ryland,
Braylon,
Sullivan,
Clinton,
Christina,
Eve,
Yosef,
Samson,
Katrina,
Owen,
Jake,
Troy,
Kenyon,
William,
Irene,
Natalee,
Micaela,
Camille,
Brycen,
Reese,
Camilla,
Heather,
Jaydan,
Rebecca,
Salvador,
Reece,
Cale,
Emilie,
Shyanne,
Dahlia,
Precious,
Alvin,
Thomas,
Daniella,
Katie,
Makhi,
Madelynn,
Amara,
Nancy,
Jordyn,
Zaid,
Oliver,
Jackson,
Darien,
Daisy,
Danna,
Clarissa,
Ryder,
Madeline,
Aaliyah,
Luz,
Alani,
Finley,
Turner,
Dylan,
Henry,
Alissa,
Natalia,
Guillermo,
Patrick,
Kaia,
Noah,
Eddie,
Abdullah,
Lilian,
Joyce,
Destiny,
Alyson,
Cameron,
Dalton,
Colt,
Laila,
Emilio,
